{"cameraMode":{"drawMode":0,"name":"Shaded","section":"Shading Mode"},"sceneLighting":false,"audioPlay":false,"sceneViewState":{"m_AlwaysRefresh":false,"showFog":true,"showSkybox":false,"showFlares":true,"showImageEffects":true,"showParticleSystems":true,"showVisualEffectGraphs":true,"m_FxEnabled":true},"in2DMode":false,"pivot":{"x":-0.01154184341430664,"y":-1.160215139389038,"z":0.0043239593505859379},"rotation":{"x":-0.0020362972281873228,"y":-0.9679399728775024,"z":0.2510875463485718,"w":-0.007847842760384083},"size":3.9469945430755617,"orthographic":false}