{"cameraMode":{"drawMode":0,"name":"Shaded","section":"Shading Mode"},"sceneLighting":true,"audioPlay":false,"sceneViewState":{"m_AlwaysRefresh":false,"showFog":true,"showSkybox":true,"showFlares":true,"showImageEffects":true,"showParticleSystems":true,"showVisualEffectGraphs":true,"m_FxEnabled":true},"in2DMode":false,"pivot":{"x":-3.120961904525757,"y":1.0931400060653687,"z":-1.186006784439087},"rotation":{"x":0.05062098428606987,"y":-0.9233323931694031,"z":0.13074569404125215,"w":0.35748761892318728},"size":4.0586981773376469,"orthographic":false}