{"cameraMode":{"drawMode":0,"name":"Shaded","section":"Shading Mode"},"sceneLighting":true,"audioPlay":false,"sceneViewState":{"m_AlwaysRefresh":false,"showFog":true,"showSkybox":true,"showFlares":true,"showImageEffects":true,"showParticleSystems":true,"showVisualEffectGraphs":true,"m_FxEnabled":true},"in2DMode":false,"pivot":{"x":31.60725975036621,"y":6.188884258270264,"z":88.84905242919922},"rotation":{"x":-0.004905629437416792,"y":-0.9951122999191284,"z":0.07758380472660065,"w":-0.062487054616212848},"size":6.241176128387451,"orthographic":false}