{"cameraMode":{"drawMode":0,"name":"Shaded","section":"Shading Mode"},"sceneLighting":true,"audioPlay":false,"sceneViewState":{"m_AlwaysRefresh":false,"showFog":false,"showSkybox":true,"showFlares":true,"showImageEffects":true,"showParticleSystems":true,"showVisualEffectGraphs":true,"m_FxEnabled":true},"in2DMode":false,"pivot":{"x":422.1169128417969,"y":246.2923126220703,"z":-75.9004135131836},"rotation":{"x":0.0946497768163681,"y":-0.017924364656209947,"z":0.0016765265027061105,"w":0.9954038858413696},"size":222.60011291503907,"orthographic":false}