{"cameraMode":{"drawMode":0,"name":"Shaded","section":"Shading Mode"},"sceneLighting":false,"audioPlay":false,"sceneViewState":{"m_AlwaysRefresh":false,"showFog":true,"showSkybox":false,"showFlares":true,"showImageEffects":true,"showParticleSystems":true,"showVisualEffectGraphs":true,"m_FxEnabled":true},"in2DMode":false,"pivot":{"x":9.5367431640625e-7,"y":0.009268239140510559,"z":-0.05109596997499466},"rotation":{"x":-0.026982320472598077,"y":0.920157790184021,"z":-0.3853641152381897,"w":-0.06442219018936157},"size":1.3657207489013672,"orthographic":false}