{"cameraMode":{"drawMode":0,"name":"Shaded","section":"Shading Mode"},"sceneLighting":false,"audioPlay":false,"sceneViewState":{"m_AlwaysRefresh":false,"showFog":true,"showSkybox":false,"showFlares":true,"showImageEffects":true,"showParticleSystems":true,"showVisualEffectGraphs":true,"m_FxEnabled":true},"in2DMode":false,"pivot":{"x":0.5608692169189453,"y":-0.22947144508361817,"z":0.00000286102294921875},"rotation":{"x":-0.005514319520443678,"y":0.9377020001411438,"z":-0.347195029258728,"w":-0.014911161735653878},"size":1.3123703002929688,"orthographic":false}